ds,Divorce,Forecast,cap,floor,yhat_lower,yhat_upper,trend_lower,trend_upper
2007-01-01,6568.0,6643.860971032395,10808.4,0,6078.479630659336,7231.335490355578,6299.372910700741,6299.372910700741
2007-02-01,5963.0,6117.451349188043,10808.4,0,5538.748710505715,6684.956540132688,6310.1289590168735,6310.1289590168735
2007-03-01,6388.0,6564.848664812092,10808.4,0,5981.64602435851,7130.073525125605,6319.837758577257,6319.837758577257
2007-04-01,6696.0,6630.2610182840535,10808.4,0,6037.0434858928065,7231.520878564666,6330.579690530341,6330.579690530341
2007-05-01,6298.0,6471.492005346764,10808.4,0,5880.058942888421,7046.0422885689395,6340.96793365109,6340.96793365109
2007-06-01,6464.0,6405.151949587593,10808.4,0,5816.113264962279,6977.211619366753,6351.694957716795,6351.694957716795
2007-07-01,5849.0,6045.903260338253,10808.4,0,5490.466920767487,6603.75737593249,6362.068620530189,6362.068620530189
2007-08-01,6282.0,6215.878711121026,10808.4,0,5673.847017138697,6775.981917875335,6372.780420317294,6372.780420317294
2007-09-01,6058.0,6204.8897142748665,10808.4,0,5619.040607158695,6767.066298093046,6383.484359600789,6383.484359600789
2007-10-01,6261.0,6440.097034172412,10808.4,0,5855.950146154859,7042.2083125636245,6393.835452792238,6393.835452792238
2007-11-01,6062.0,6142.655124682358,10808.4,0,5549.639370234263,6726.509654261346,6404.52369420052,6404.52369420052
2007-12-01,5999.0,6269.587626683878,10808.4,0,5707.294521764487,6798.807296943666,6414.859444888251,6414.859444888251
2008-01-01,7248.0,6773.924321921717,10808.4,0,6215.538188390036,7356.498724642996,6425.531676821754,6425.531676821754
2008-02-01,6408.0,6225.843561431965,10808.4,0,5639.626091322931,6809.532195340216,6436.195654008245,6436.195654008245
2008-03-01,6693.0,6843.715381574432,10808.4,0,6255.155504222484,7411.244331129185,6446.164088977365,6446.164088977365
2008-04-01,6679.0,6442.3280481235715,10808.4,0,5881.627976491348,7013.249739832046,6456.811859703788,6456.811859703788
2008-05-01,6621.0,6678.029832307155,10808.4,0,6138.726705221965,7229.717200372055,6467.10807309437,6467.10807309437
2008-06-01,6604.0,6587.330428080816,10808.4,0,6017.768747649351,7169.0552596770385,6477.739066555832,6477.739066555832
2008-07-01,6420.0,6269.847649565194,10808.4,0,5670.395776147314,6855.78806970896,6488.0188962569855,6488.0188962569855
2008-08-01,6035.0,6260.954306542665,10808.4,0,5686.571237477761,6850.138236055883,6498.632807878651,6498.632807878651
2008-09-01,6199.0,6252.656313972698,10808.4,0,5644.775234400169,6853.093312659006,6509.237922509798,6509.237922509798
2008-10-01,6434.0,6609.077486541032,10808.4,0,6035.444964049679,7147.011248445523,6519.492487437455,6519.492487437455
2008-11-01,6008.0,6325.359611508837,10808.4,0,5757.013188700569,6946.06689269127,6530.077994187348,6530.077994187348
2008-12-01,6690.0,6324.253018012907,10808.4,0,5753.646009459275,6899.860508503697,6540.313442046034,6540.313442046034
2009-01-01,6910.0,6885.08764116808,10808.4,0,6283.170025994843,7457.966058088979,6550.881119288153,6550.881119288153
2009-02-01,6504.0,6403.00605581279,10808.4,0,5831.467050890833,6926.857971653513,6561.439621696162,6561.439621696162
2009-03-01,7068.0,6916.180726138857,10808.4,0,6323.658882624611,7473.791222446935,6570.968384023942,6570.968384023942
2009-04-01,6644.0,6671.321830584659,10808.4,0,6098.671792950174,7289.414153998557,6581.509213803662,6581.509213803662
2009-05-01,6546.0,6777.489676508184,10808.4,0,6238.538734283391,7356.310635389521,6591.69384204933,6591.69384204933
2009-06-01,7031.0,6693.552767439791,10808.4,0,6132.039921045587,7236.260370741288,6602.20865411657,6602.20865411657
2009-07-01,6326.0,6360.665439869107,10808.4,0,5791.375706043991,6914.347226413285,6612.375205050477,6612.375205050477
2009-08-01,6528.0,6411.194225878412,10808.4,0,5834.842005943283,7018.066314057088,6622.871192085952,6622.871192085952
2009-09-01,6817.0,6403.088087102446,10808.4,0,5848.807901217339,6973.94953096353,6633.3575015618635,6633.3575015618635
2009-10-01,6536.0,6719.338896862198,10808.4,0,6123.573415778135,7265.756517668576,6643.49625874138,6643.49625874138
2009-11-01,6635.0,6429.79550412181,10808.4,0,5875.84822784471,7061.867190105881,6653.963308806555,6653.963308806555
2009-12-01,6746.0,6468.158449195139,10808.4,0,5888.790528208283,7043.85756700982,6660.878058174026,6660.878058174026
2010-01-01,6983.0,7007.776453645924,10808.4,0,6425.0351870293825,7591.233579242303,6668.018731922911,6668.018731922911
2010-02-01,6314.0,6499.794026596374,10808.4,0,5942.593896010127,7072.092827241674,6675.154740451153,6675.154740451153
2010-03-01,7036.0,6975.951194461588,10808.4,0,6405.876079929781,7581.150504395321,6681.59613829683,6681.59613829683
2010-04-01,7342.0,6883.291714718648,10808.4,0,6351.58563645909,7481.285807958177,6688.723203629423,6688.723203629423
2010-05-01,6909.0,6854.608804718163,10808.4,0,6348.696833325206,7406.584704769441,6695.615857812199,6695.615857812199
2010-06-01,6969.0,6775.352863065795,10808.4,0,6200.4108361601975,7314.108806104625,6702.733588667015,6702.733588667015
2010-07-01,6683.0,6421.746722502003,10808.4,0,5862.88731056559,6973.510016958723,6706.134237998486,6706.134237998486
2010-08-01,6374.0,6524.905387484696,10808.4,0,5966.95000870538,7119.712659516512,6709.6470927334585,6709.6470927334585
2010-09-01,6517.0,6508.897142563984,10808.4,0,5927.576427520823,7094.026298232635,6713.158776316001,6713.158776316001
2010-10-01,6572.0,6777.952919887338,10808.4,0,6158.538062464389,7361.960975200322,6716.556062091722,6716.556062091722
2010-11-01,6184.0,6476.840680716599,10808.4,0,5895.5366401354,7074.164360810778,6720.065433098177,6720.065433098177
2010-12-01,6561.0,6554.345915622741,10808.4,0,5962.80379638084,7107.927396280646,6723.4604757402985,6723.4604757402985
2011-01-01,7090.0,7071.455583852667,10808.4,0,6475.084940891874,7628.903892012395,6726.96752352124,6726.96752352124
2011-02-01,6283.0,6537.795776116574,10808.4,0,5917.388715157192,7124.243579925926,6730.473385945589,6730.473385945589
2011-03-01,7087.0,6978.649857021211,10808.4,0,6438.890077799469,7521.966063421702,6733.638950785868,6733.638950785868
2011-04-01,7084.0,7036.823878600226,10808.4,0,6464.950587600987,7607.954811574676,6737.142550846957,6737.142550846957
2011-05-01,7066.0,6871.056067699378,10808.4,0,6328.621578970947,7448.97205707507,6740.53199600365,6740.53199600365
2011-06-01,6926.0,6797.490238483574,10808.4,0,6179.761621595477,7363.275364329815,6744.03324661292,6744.03324661292
2011-07-01,6838.0,6431.25505281062,10808.4,0,5898.093232891256,7024.370855418686,6747.420413002517,6747.420413002517
2011-08-01,6628.0,6594.017594422804,10808.4,0,6009.402189585716,7179.756106212719,6750.919303619538,6750.919303619538
2011-09-01,6295.0,6575.8222407582825,10808.4,0,5960.14082331797,7144.893002386216,6754.416886084021,6754.416886084021
2011-10-01,6027.0,6804.062076436239,10808.4,0,6212.791623547464,7394.509976377279,6757.800495055982,6757.800495055982
2011-11-01,6198.0,6499.427132315659,10808.4,0,5941.496042208168,7108.862639719964,6761.295701833594,6761.295701833594
2011-12-01,6744.0,6619.405188484533,10808.4,0,6054.640295200702,7202.52807120583,6764.677006688572,6764.677006688572
2012-01-01,7520.0,7116.562472419167,10808.4,0,6552.364191386637,7677.896324307573,6768.1698273192915,6768.1698273192915
2012-02-01,7024.0,6561.309338743548,10808.4,0,5984.665921290857,7106.5327682932775,6771.661431319594,6771.661431319594
2012-03-01,7150.0,7172.477959336784,10808.4,0,6623.218728043646,7740.296497615591,6774.926666739588,6774.926666739588
2012-04-01,7227.0,6763.932091864379,10808.4,0,6186.250660266089,7350.669488165859,6778.4159034453205,6778.4159034453205
2012-05-01,7336.0,6992.713177473221,10808.4,0,6442.977814405171,7544.299768883141,6781.791418260392,6781.791418260392
2012-06-01,6879.0,6894.8696044255,10808.4,0,6315.156099815847,7479.498574278222,6785.278242900568,6785.278242900568
2012-07-01,6866.0,6570.480171755763,10808.4,0,5996.610212287171,7132.784704006696,6788.6514184475245,6788.6514184475245
2012-08-01,6515.0,6554.457319338079,10808.4,0,5964.103988533645,7094.117487690862,6792.135820673905,6792.135820673905
2012-09-01,6048.0,6539.037379345302,10808.4,0,5977.074798467699,7149.929181013723,6795.618987882102,6795.618987882102
2012-10-01,7292.0,6888.573617050595,10808.4,0,6306.397951841377,7418.453872194607,6798.988617947358,6798.988617947358
2012-11-01,6352.0,6597.750966062558,10808.4,0,6061.559141062455,7191.563540066852,6802.469348741262,6802.469348741262
2012-12-01,6018.0,6589.7761904833715,10808.4,0,6015.360033326788,7108.715042361279,6805.83661451636,6805.83661451636
2013-01-01,7478.0,7143.521418960968,10808.4,0,6553.519842661673,7677.748852965191,6809.314897080902,6809.314897080902
2013-02-01,6509.0,6654.358365655677,10808.4,0,6090.253889444967,7235.369741994071,6812.791931539006,6812.791931539006
2013-03-01,7005.0,7161.143745937718,10808.4,0,6577.38882974882,7679.472103945564,6815.9314038221955,6815.9314038221955
2013-04-01,7292.0,6909.218672344979,10808.4,0,6313.456492922457,7497.719904577496,6819.406055564619,6819.406055564619
2013-05-01,7090.0,7008.563267543218,10808.4,0,6446.570258232595,7599.73588781576,6822.76743308431,6822.76743308431
2013-06-01,6717.0,6917.583731809086,10808.4,0,6334.204921782744,7520.138366903373,6826.2396184854915,6826.2396184854915
2013-07-01,6640.0,6577.888832182785,10808.4,0,5995.915244130632,7138.859720711598,6829.598597363619,6829.598597363619
2013-08-01,6248.0,6621.391332888266,10808.4,0,6048.910662643327,7202.426091177139,6833.068299095664,6833.068299095664
2013-09-01,6406.0,6606.267320294567,10808.4,0,5990.750033954957,7215.142475124014,6836.536734754414,6836.536734754414
2013-10-01,6583.0,6915.7347155844645,10808.4,0,6357.320871851584,7528.410075338756,6839.892077463501,6839.892077463501
2013-11-01,6115.0,6619.190209516389,10808.4,0,6022.032031270209,7239.91617082249,6843.358014201098,6843.358014201098
2013-12-01,5796.0,6661.202334598688,10808.4,0,6082.57960148301,7253.767038003881,6853.921943577577,6853.921943577577
2014-01-01,6800.0,7204.583197258886,10808.4,0,6641.267424211424,7808.552128200934,6864.825475535745,6864.825475535745
2014-02-01,6243.0,6700.355479983529,10808.4,0,6118.30587330147,7261.596706120914,6875.716193838538,6875.716193838538
2014-03-01,7084.0,7179.896947401312,10808.4,0,6580.817712760287,7727.493861456991,6885.541891236765,6885.541891236765
2014-04-01,7370.0,7090.976511822462,10808.4,0,6564.513457106563,7686.224109170172,6896.4080007334405,6896.4080007334405
2014-05-01,7243.0,7065.9041171126155,10808.4,0,6492.412865556936,7633.301304419886,6906.911170206778,6906.911170206778
2014-06-01,7140.0,6990.370808408987,10808.4,0,6390.209728466393,7566.09927013142,6917.751534010024,6917.751534010024
2014-07-01,6911.0,6643.842138340344,10808.4,0,6065.013475132567,7236.904358403221,6928.229653837144,6928.229653837144
2014-08-01,6315.0,6754.302275928762,10808.4,0,6232.75402850606,7331.1267931376215,6939.043981177914,6939.043981177914
2014-09-01,6634.0,6745.5833205535955,10808.4,0,6194.05734384197,7339.140634798787,6949.84495430575,6949.84495430575
2014-10-01,7065.0,7021.681578929535,10808.4,0,6469.760974794493,7574.5922824601,6960.284721133956,6960.284721133956
2014-11-01,6400.0,6727.834438917306,10808.4,0,6174.073860661615,7318.774440774208,6971.059191298759,6971.059191298759
2014-12-01,7063.0,6812.358606366873,10808.4,0,6228.91231331095,7408.063025219018,6981.473166484689,6981.473166484689
2015-01-01,7036.0,7336.708898075662,10808.4,0,6758.645721104069,7922.362974644418,6992.220837744155,6992.220837744155
2015-02-01,6870.0,6810.277165174643,10808.4,0,6259.460608027131,7393.043475841963,7002.954775003903,7002.954775003903
2015-03-01,7366.0,7257.648985451989,10808.4,0,6718.533298562457,7879.9521545904145,7012.638079217274,7012.638079217274
2015-04-01,7962.0,7323.027003141134,10808.4,0,6709.973884420661,7855.864193177348,7023.345675387505,7023.345675387505
2015-05-01,6972.0,7164.218657154187,10808.4,0,6555.426731330574,7740.498936561257,7033.694585458415,7033.694585458415
2015-06-01,7363.0,7097.831656830784,10808.4,0,6497.34275823671,7681.840547697745,7044.374664960227,7044.374664960227
2015-07-01,6552.0,6738.53144799782,10808.4,0,6129.048923529304,7291.353056715439,7054.6968081897585,7054.6968081897585
2015-08-01,7192.0,6908.447377903677,10808.4,0,6303.728718450624,7516.485064404382,7065.349087100343,7065.349087100343
2015-09-01,7059.0,6897.392484923703,10808.4,0,6317.751774533132,7465.860499034926,7075.987130249713,7075.987130249713
2015-10-01,6980.0,7132.529969886668,10808.4,0,6527.564811611978,7732.825626156742,7086.268388506471,7086.268388506471
2015-11-01,6858.0,6835.009639977042,10808.4,0,6283.75764863218,7444.16408566353,7096.8782094951,7096.8782094951
2015-12-01,7234.0,6961.8602042424,10808.4,0,6360.4979571030035,7592.04143985067,7107.132022446413,7107.132022446413
2016-01-01,7226.0,7466.10599128986,10808.4,0,6909.772873301233,8046.453728118372,7117.713346189978,7117.713346189978
2016-02-01,7013.0,6917.927990869701,10808.4,0,6321.434748881966,7484.893508426179,7128.280083445845,7128.280083445845
2016-03-01,7934.0,7535.703086694962,10808.4,0,6901.875378070965,8083.4755905323655,7138.151794097817,7138.151794097817
2016-04-01,7045.0,7134.206253448857,10808.4,0,6583.574048945424,7677.108418886219,7148.690065029053,7148.690065029053
2016-05-01,7565.0,7369.796070054448,10808.4,0,6821.134509319159,7943.8544052646575,7158.874310841354,7158.874310841354
2016-06-01,7236.0,7278.974776323969,10808.4,0,6714.3207882300885,7888.985666382996,7169.383414798951,7169.383414798951
2016-07-01,6690.0,6961.368060323109,10808.4,0,6406.81470964435,7522.244816750637,7179.539307015106,7179.539307015106
2016-08-01,7446.0,6952.340480086311,10808.4,0,6378.974350027918,7568.0643667722525,7190.018981422074,7190.018981422074
2016-09-01,7040.0,6943.901991822567,10808.4,0,6383.7799856920465,7477.323139248139,7200.483600359479,7200.483600359479
2016-10-01,7257.0,7297.535471886326,10808.4,0,6704.4653061572835,7882.214817234653,7207.950472782956,7207.950472782956
2016-11-01,7033.0,7010.939724375876,10808.4,0,6438.996320019228,7602.59140303471,7215.6581070541315,7215.6581070541315
2016-12-01,7165.0,7007.048787806224,10808.4,0,6458.768680610401,7616.836011737197,7223.109211839407,7223.109211839407
2017-01-01,7229.0,7565.00702376797,10808.4,0,6993.791080895733,8146.3053193183205,7230.80050188797,7230.80050188797
2017-02-01,6885.0,7080.049881129254,10808.4,0,6510.424421158978,7672.00580774008,7238.48344701248,7238.48344701248
2017-03-01,7595.0,7590.628029173473,10808.4,0,7019.773590959835,8157.57286855455,7245.415687058138,7245.415687058138
2017-04-01,7905.0,7342.895295007499,10808.4,0,6760.99136582626,7931.540805723461,7253.082678226552,7253.082678226552
2017-05-01,7612.0,7441.984255176692,10808.4,0,6902.348657184238,8001.274415220311,7256.188420717813,7256.188420717813
2017-06-01,7144.0,7350.740345746101,10808.4,0,6752.360542547714,7908.017147528982,7259.3962324227905,7259.3962324227905
2017-07-01,6742.0,7010.789390815936,10808.4,0,6394.483489112881,7576.35926187378,7262.499155997314,7262.499155997314
2017-08-01,7024.0,7054.027084980985,10808.4,0,6505.8748374284205,7638.223766936087,7265.704051188723,7265.704051188723
2017-09-01,7340.0,7038.63804698087,10808.4,0,6465.872208062552,7595.009411494283,7268.907461440532,7268.907461440532
2017-10-01,7270.0,7347.848758380972,10808.4,0,6784.942725747196,7906.204244480426,7272.006120260256,7272.006120260256
2017-11-01,7049.0,7051.038798406385,10808.4,0,6470.605184862679,7638.539834278196,7275.206603091057,7275.206603091057
2017-12-01,7085.0,7082.436871924669,10808.4,0,6483.353844724088,7616.478795090373,7275.1564809033125,7275.1564809033125
2018-01-01,7888.0,7614.862409314967,10808.4,0,7034.700199911092,8184.505551456433,7275.104687591774,7275.104687591774
2018-02-01,7365.0,7099.692180035059,10808.4,0,6558.900355710745,7707.594656872741,7275.052893889742,7275.052893889742
2018-03-01,7703.0,7569.361168310229,10808.4,0,6995.575023697146,8156.696995696463,7275.006112145825,7275.006112145825
2018-04-01,7776.0,7469.522828789784,10808.4,0,6862.370064707461,8047.296824788895,7274.954317700618,7274.954317700618
2018-05-01,7865.0,7433.897140577777,10808.4,0,6844.602749259182,8002.260124951341,7274.904193672189,7274.904193672189
2018-06-01,7178.0,7347.471672857363,10808.4,0,6784.617455193097,7903.454025620752,7274.852398458621,7274.852398458621
2018-07-01,6754.0,6990.394210439811,10808.4,0,6396.129015524558,7514.146333524349,7274.781725936521,7274.781725936521
2018-08-01,7597.0,7089.966991650931,10808.4,0,6541.17341989159,7676.301954163304,7274.708696900041,7274.708696900041
2018-09-01,6829.0,7070.374033335345,10808.4,0,6448.785843498895,7650.927974789765,7274.635667087419,7274.635667087419
2018-10-01,7337.0,7335.961850131677,10808.4,0,6733.740153209125,7926.271057517877,7274.5649923362325,7274.5649923362325
2018-11-01,7373.0,7031.267208614773,10808.4,0,6493.242038638173,7608.300905334115,7274.491960996427,7274.491960996427
2018-12-01,6917.0,7105.306724649732,10808.4,0,6514.277228662193,7680.708040760566,7274.421284767363,7274.421284767363
2019-01-01,8028.0,7618.836312232115,10808.4,0,7011.347183043939,8230.743916109212,7274.34825190047,7274.34825190047
2019-02-01,7123.0,7081.597608762493,10808.4,0,6506.516648018757,7641.0230715265625,7274.275218591357,7274.275218591357
2019-03-01,7413.0,7519.2201585901785,10808.4,0,6917.8272883798045,8100.71551843362,7274.209252354843,7274.209252354843
2019-04-01,7727.0,7573.8175453224685,10808.4,0,6938.653149231799,8136.78847792767,7274.136217568836,7274.136217568836
2019-05-01,7554.0,7404.589609700558,10808.4,0,6838.268301652737,7978.986971089671,7274.065538004851,7274.065538004851
2019-06-01,7375.0,7327.449493562754,10808.4,0,6734.378089748121,7887.826083258715,7273.992501691973,7273.992501691973
2019-07-01,7150.0,6957.756460458759,10808.4,0,6354.198025102017,7524.788309824505,7273.921820650398,7273.921820650398
2019-08-01,6998.0,7116.947076264384,10808.4,0,6530.919146028619,7745.722890646254,7273.848785460548,7273.848785460548
2019-09-01,7075.0,7095.181104168792,10808.4,0,6547.350033947997,7676.596217927085,7273.77574949488,7273.77574949488
2019-10-01,7366.0,7319.966650169582,10808.4,0,6715.683065672656,7895.160823679337,7273.7050687894425,7273.7050687894425
2019-11-01,7019.0,7011.763461779235,10808.4,0,6397.357404540477,7622.904559484951,7273.6320312972275,7273.6320312972275
2019-12-01,6930.0,7128.289530910259,10808.4,0,6542.237848486416,7703.025383434527,7273.561349114527,7273.561349114527
2020-01-01,7675.0,7621.880955195759,10808.4,0,7098.592814119876,8227.707531493523,7273.48831009585,7273.48831009585
2020-02-01,7239.0,7063.063177725148,10808.4,0,6528.337462384095,7590.191627499519,7273.4152703013915,7273.4152703013915
2020-03-01,7469.0,7679.65661294035,10808.4,0,7109.660832462195,8271.31599362019,7282.105320343561,7282.105320343561
2020-04-01,3275.0,7276.898673118862,10808.4,0,6684.630086386692,7868.385011208619,7291.382484698816,7291.382484698816
2020-05-01,6704.0,7511.270100684316,10808.4,0,6935.272780144126,8037.135750017036,7300.348341471469,7300.348341471469
2020-06-01,8037.0,7419.191932435543,10808.4,0,6827.68174805315,8008.06226051217,7309.600570910651,7309.600570910651
2020-07-01,7783.0,7100.370966912125,10808.4,0,6534.13855587702,7644.6718442575475,7318.542213604341,7318.542213604341
2020-08-01,7651.0,7090.090834799592,10808.4,0,6506.865279064898,7634.513490386168,7327.769336135397,7327.769336135397
2020-09-01,7721.0,7080.402025741301,10808.4,0,6497.885790178609,7690.317258466098,7336.983634278202,7336.983634278202
2020-10-01,7725.0,7439.230153810519,10808.4,0,6910.669114353864,8058.149092069255,7349.645154707376,7349.645154707376
2020-11-01,7719.0,7157.984613439759,10808.4,0,6588.770572425968,7718.316076364047,7362.7029961179705,7362.7029961179705
2020-12-01,7328.0,7159.254178755137,10808.4,0,6567.816632943686,7783.734677557976,7375.314602787891,7375.314602787891
2021-01-01,7125.0,7722.527152172292,10808.4,0,7185.002855408944,8307.016102444057,7388.3206302925555,7388.3206302925555
2021-02-01,7288.0,7242.866581326638,10808.4,0,6646.827840264908,7834.798116844647,7401.300147210078,7401.300147210078
2021-03-01,8164.0,7758.213038655422,10808.4,0,7159.652269756062,8374.961848933566,7413.000696540086,7413.000696540086
2021-04-01,7608.0,7515.74204732365,10808.4,0,6915.696000578826,8088.061807395566,7425.929430543272,7425.929430543272
2021-05-01,6731.0,7629.770371431146,10808.4,0,6998.760628335571,8184.342051336115,7443.97453697226,7443.97453697226
2021-06-01,6768.0,7553.909696982076,10808.4,0,6951.139386708939,8148.610279511483,7462.565583659139,7462.565583659139
2021-07-01,6098.0,7228.793065049711,10808.4,0,6623.211263654076,7818.764847454959,7480.502830230686,7480.502830230686
2021-08-01,5800.0,7287.304800196214,10808.4,0,6713.0345443840715,7851.905465482215,7498.98176640385,7498.98176640385
2021-09-01,6685.0,7287.133821443446,10808.4,0,6703.114271817366,7859.205398301334,7517.403235902717,7517.403235902717
2021-10-01,7276.0,7611.018081155025,10808.4,0,7033.974489245926,8164.59007149952,7535.175443034362,7535.175443034362
2021-11-01,8024.0,7329.315086804696,10808.4,0,6738.1429041402425,7901.885053548178,7553.482891489543,7553.482891489543
2021-12-01,7925.0,7378.424555003842,10808.4,0,6845.751590748399,7952.236333559309,7571.144163982542,7571.144163982542
2022-01-01,8272.0,7929.094101302944,10808.4,0,7368.4777198493575,8534.40310487553,7589.336379579761,7589.336379579761
2022-02-01,7335.0,7432.108870002334,10808.4,0,6857.26820018174,7994.243957613169,7607.469583857008,7607.469583857008
2022-03-01,7567.0,7918.152050350002,10808.4,0,7334.151406284074,8473.956147767238,7623.796994185322,7623.796994185322
2022-04-01,7654.0,7836.38558498186,10808.4,0,7274.244641737535,8411.225672442379,7641.81707389272,7641.81707389272
2022-05-01,8131.0,7818.191821037802,10808.4,0,7235.993626767163,8398.772529686546,7659.198874131899,7659.198874131899
2022-06-01,8128.0,7749.7201841365795,10808.4,0,7114.005995544904,8347.054633398722,7677.100909737579,7677.100909737579
2022-07-01,7153.0,7409.980440212964,10808.4,0,6788.500687627191,7977.931792302993,7694.36795570975,7694.36795570975
2022-08-01,8324.0,7527.409182329733,10808.4,0,6936.647342364868,8107.387005270931,7712.150887578867,7712.150887578867
2022-09-01,8680.0,7525.611265466579,10808.4,0,6974.930743931126,8110.848725538822,7729.872899218917,7729.872899218917
2022-10-01,9007.0,7808.36184487745,10808.4,0,7223.961920502637,8383.892224329658,7746.964987081877,7746.964987081877
2022-11-01,8423.0,7521.341626948206,10808.4,0,6971.475374907095,8160.216298881784,7764.566379330071,7764.566379330071
2022-12-01,8217.0,7612.42671346419,10808.4,0,7007.194768599985,8240.35806827983,7781.541273581958,7781.541273581958
2023-01-01,8214.0,8143.509156321439,10808.4,0,7573.340788545469,8697.707730600405,7799.021095989969,7799.021095989969
2023-02-01,7622.0,7623.761176803556,10808.4,0,7041.783667491346,8163.910398502637,7816.4387866327925,7816.4387866327925
2023-03-01,8649.0,8077.128206681061,10808.4,0,7517.213253097031,8694.395156568607,7832.1173004459415,7832.1173004459415
2023-04-01,8530.0,8149.097441114196,10808.4,0,7565.2519120417965,8755.10563519753,7849.41611336064,7849.41611336064
2023-05-01,8318.0,7996.621199069243,10808.4,0,7408.494544172475,8573.692717570397,7866.097127373689,7866.097127373689
2023-06-01,7750.0,7936.729195259013,10808.4,0,7351.1426393646325,8495.388618237352,7883.272203388706,7883.272203388706
2023-07-01,7641.0,7583.667719072694,10808.4,0,7011.891550496757,8131.105807081619,7899.8330792645675,7899.8330792645675
2023-08-01,7735.0,7759.9819082111435,10808.4,0,7140.692954957991,8344.447700597539,7916.883617407559,7916.883617407559
2023-09-01,7380.0,7755.275927151249,10808.4,0,7197.911987695699,8319.579079771958,7933.870572477414,7933.870572477414
2023-10-01,8090.0,7996.510423759957,10808.4,0,7448.930102250346,8558.681640377308,7950.248842379535,7950.248842379535
2023-11-01,7024.0,7705.241562295962,10808.4,0,7100.433157685895,8298.746424244064,7967.110131813959,7967.110131813959
2023-12-01,7667.0,7838.094630239204,10808.4,0,7234.649302629139,8465.567709734723,7983.366448443447,7983.366448443447
2024-01-01,7919.0,8348.494022380288,10808.4,0,7779.940197128657,8918.622085126397,8000.101377280184,8000.101377280184
2024-02-01,7854.0,7806.419744552233,10808.4,0,7240.473029113071,8360.84008029984,8016.771837128336,8016.771837128336
2024-03-01,7803.0,8429.859567113373,10808.4,0,7893.808932342833,8992.162227174445,8032.308274516081,8032.308274516081
2024-04-01,8289.0,8034.369685118426,10808.4,0,7491.745799025669,8623.473053582864,8048.853496698923,8048.853496698923
2024-05-01,8202.0,8275.724938050755,10808.4,0,7716.641582984384,8822.817138578866,8064.803178837899,8064.803178837899
2024-06-01,7617.0,8190.811851038516,10808.4,0,7604.229605747951,8716.067589261676,8081.220489513675,8081.220489513675
2024-07-01,8108.0,7878.874868181968,10808.4,0,7323.951875642979,8487.970043709194,8097.0461148737595,8097.0461148737595
2024-08-01,7929.0,7875.65646192892,10808.4,0,7252.432239214571,8488.506124544636,8113.334963264695,8113.334963264695
2024-09-01,7618.0,7872.976720907765,10808.4,0,7304.779230055776,8427.069423545961,8129.558329445004,8129.558329445004
2024-10-01,8618.0,8234.78089333681,10808.4,0,7665.0268690603825,8784.905174218433,8145.195894233385,8145.195894233385
2024-11-01,7953.0,7956.571661143539,10808.4,0,7393.393912788738,8508.686653510664,8161.290043822258,8161.290043822258
2024-12-01,7444.0,7960.741913650904,10808.4,0,7355.537066022848,8525.98638064828,8176.80233768409,8176.80233768409
2025-01-01,,8526.973342450658,10808.4,0,7940.8964201904,9081.199905432402,8192.766820570661,8192.766820570661
2025-02-01,,8050.231681520059,10808.4,0,7463.971046263771,8597.597335601622,8208.64938786752,8208.649387867521
2025-03-01,,8568.180598258607,10808.4,0,8054.883162717966,9168.819164522429,8222.620754043615,8223.161016619688
2025-04-01,,8328.553305515437,10808.4,0,7752.398763361501,8879.780494302453,8237.664444708127,8239.607219931537
2025-05-01,,8439.73700869918,10808.4,0,7821.231328389578,9002.855520814514,8252.088313447908,8255.793975106524
2025-06-01,,8360.92710765606,10808.4,0,7759.354287685644,8972.723737313192,8266.643886485288,8273.134469175691
2025-07-01,,8032.947158299032,10808.4,0,7455.689807047331,8607.200518956322,8280.547759782528,8289.422511330898
2025-08-01,,8088.4908496017915,10808.4,0,7539.1216737817795,8647.922496150462,8294.949857485683,8306.423482604836
2025-09-01,,8085.342647903177,10808.4,0,7452.254951865829,8713.091593775784,8308.414055671112,8323.224872101158
2025-10-01,,8406.337226948724,10808.4,0,7843.926778410561,9008.34157425246,8321.616192898107,8339.46605607395
2025-11-01,,8121.639698619022,10808.4,0,7521.32039799205,8701.449093057654,8335.4339900747,8356.714566011628
2025-12-01,,8167.843213521603,10808.4,0,7587.392790312324,8741.55213079867,8348.518460557812,8373.341672097735
2026-01-01,,8715.501904970999,10808.4,0,8113.5589319405835,9302.15357006904,8361.822174302453,8390.965258828448
2026-02-01,,8215.49790170808,10808.4,0,7641.981928144294,8786.671160543312,8374.799192294297,8408.675331143608
2026-03-01,,8698.807854673409,10808.4,0,8117.292906769179,9253.428140087402,8386.287047717644,8424.23167426821
2026-04-01,,8614.008246782863,10808.4,0,8061.567243385379,9165.381475177039,8399.026217985522,8441.772903953612
2026-05-01,,8592.87233885455,10808.4,0,8027.539104529176,9179.252110954516,8411.401929590244,8459.15199776749
2026-06-01,,8521.353656531455,10808.4,0,7972.148648449304,9136.795571449078,8423.704526898078,8476.078092945972
2026-07-01,,8178.658780824603,10808.4,0,7643.568244537016,8747.141292319284,8435.466093810872,8492.854351987946
2026-08-01,,8293.027536718122,10808.4,0,7689.040250560265,8860.90390045041,8447.889400384092,8510.044958328066
2026-09-01,,8288.163422940632,10808.4,0,7687.169150513573,8862.079269369564,8460.132118449403,8526.844431982347
2026-10-01,,8567.94103224855,10808.4,0,8029.13489664283,9134.824409267378,8471.815419308148,8543.106268125986
2026-11-01,,8277.843110113698,10808.4,0,7676.769453794238,8886.243421124582,8484.057038744,8560.057165779024
2026-12-01,,8365.944545630291,10808.4,0,7766.081963972448,8953.536293116375,8495.99924693391,8576.577185669534
2027-01-01,,8893.938715182532,10808.4,0,8332.623892291007,9476.483229892907,8507.474161582568,8594.023046208424
2027-02-01,,8371.09744743436,10808.4,0,7762.812754242999,8939.423149466582,8518.567976445327,8611.106234223078
2027-03-01,,8821.666427322843,10808.4,0,8250.609700578496,9384.707654191625,8529.273379484774,8626.829465888008
2027-04-01,,8890.53348603456,10808.4,0,8300.079590026808,9469.780920690495,8539.973035059065,8643.208187270237
2027-05-01,,8735.05101600049,10808.4,0,8108.154763557647,9332.874176291161,8550.94013833319,8660.531722003132
2027-06-01,,8672.048544557227,10808.4,0,8091.31396484858,9238.973662809494,8561.072907169757,8677.144550464338
2027-07-01,,8315.973253131477,10808.4,0,7749.383572619806,8898.722486903487,8571.638811597253,8694.08481465063
2027-08-01,,8489.169583343511,10808.4,0,7915.252370846884,9077.78215549529,8581.869855607858,8711.689928907459
2027-09-01,,8481.342328546481,10808.4,0,7912.991973272001,9069.028101723516,8591.62038156093,8728.885207588648
2027-10-01,,8719.553201097488,10808.4,0,8143.862627399949,9291.814533117082,8600.653258718652,8745.923868004198
2027-11-01,,8425.15701072876,10808.4,0,7852.847311483153,9029.945814806062,8611.851884310585,8763.205938216859
2027-12-01,,8554.981017581074,10808.4,0,7974.039862421366,9154.640986665623,8622.677704108955,8779.236465164855
2028-01-01,,9062.247896345309,10808.4,0,8462.52061979334,9649.27693532669,8633.216102050706,8795.584628515353
2028-02-01,,8517.038800090677,10808.4,0,7913.7506683377815,9047.467584698283,8642.206833753147,8812.578683513399
2028-03-01,,9137.544158679899,10808.4,0,8528.640131906848,9749.672369142354,8651.064131813331,8827.886341558193
2028-04-01,,8738.91562026659,10808.4,0,8124.797970243113,9315.769647828252,8661.083509272528,8843.50368581657
2028-05-01,,8977.231877063423,10808.4,0,8370.453214332329,9545.058470928676,8672.56657270574,8859.900824690125
2028-06-01,,8889.177063696943,10808.4,0,8295.577722211627,9481.423009767053,8682.134532720209,8875.996975765449
2028-07-01,,8574.198514978649,10808.4,0,7967.41107965622,9134.046531877504,8690.894858660291,8892.020207802252
2028-08-01,,8567.836138181998,10808.4,0,7984.153871822921,9156.143575871927,8700.618959351084,8909.533474607593
2028-09-01,,8562.01159826795,10808.4,0,7987.883152690205,9142.284189155931,8710.17170081091,8926.179312532227
2028-10-01,,8920.771824147841,10808.4,0,8333.615578069033,9505.877466290736,8719.083898534627,8942.237696986918
2028-11-01,,8639.416768681825,10808.4,0,8006.024605753246,9257.951893218074,8728.898634514006,8958.595166199202
2028-12-01,,8640.542467978217,10808.4,0,8018.511651764743,9222.428586063652,8738.453168915124,8974.224996334522
2029-01-01,,9203.627840612064,10808.4,0,8589.928424217933,9798.202921695844,8747.130158740276,8990.933837912504
2029-02-01,,8723.740303989383,10808.4,0,8133.71279916949,9359.631671018502,8756.101009284139,9005.954068954876
2029-03-01,,9238.848105244198,10808.4,0,8626.885791149429,9824.706262715394,8765.55138918761,9019.933428175298
2029-04-01,,8996.075828312492,10808.4,0,8386.101369646565,9590.046169588317,8773.61976081048,9036.105804260276
2029-05-01,,9104.216713201322,10808.4,0,8517.836881641044,9712.843086336514,8783.560691912686,9052.18205984127
2029-06-01,,9022.263493515567,10808.4,0,8405.547710413295,9583.216252755194,8792.609900635332,9067.353607730733
2029-07-01,,8691.242698428494,10808.4,0,8100.31569130803,9295.346465362962,8801.843802650548,9081.648160115952
2029-08-01,,8743.64547851614,10808.4,0,8162.921828951794,9332.679421200866,8810.384823721703,9096.83412393104
2029-09-01,,8737.357868675388,10808.4,0,8145.891295733143,9314.428459349489,8818.982469766754,9113.336952152407
2029-10-01,,9055.31591703624,10808.4,0,8445.370853096001,9674.960805983987,8828.245381405952,9128.759861651888
2029-11-01,,8767.482479161174,10808.4,0,8163.067826201082,9337.382212493612,8838.964701282393,9144.172940109329
2029-12-01,,8810.65319201468,10808.4,0,8167.384811492684,9427.367721544435,8849.488077145203,9160.003834000141
